{"img_size": 224, "num_classes": 1000, "drop_rate": 0.0, "embed_dim": [96, 192, 384, 768], "depths": [2, 3, 5, 2], "model_str": "[[{\"subblock1\": {\"class\": \"SequentialModule\", \"shape\": [96, 56, 56], \"params\": {\"modules\": [{\"class\": \"ExpandAndReduce\", \"shape\": [96, 56, 56], \"params\": {\"sequential\": {\"class\": \"SequentialModule\", \"shape\": [384, 56, 56], \"params\": {\"modules\": [{\"class\": \"BatchNorm\", \"shape\": [384, 56, 56], \"params\": {}}, {\"class\": \"GELU\", \"shape\": [384, 56, 56], \"params\": {}}, {\"class\": \"ConvDepth5\", \"shape\": [384, 56, 56], \"params\": {}}, {\"class\": \"BatchNorm\", \"shape\": [384, 56, 56], \"params\": {}}, {\"class\": \"GELU\", \"shape\": [384, 56, 56], \"params\": {}}, {\"class\": \"ForkMerge\", \"shape\": [384, 56, 56], \"params\": {\"branches_count\": 2, \"fork_merge_tuple\": [\"copy\", \"multiply\"], \"branches\": [{\"class\": \"SequentialModule\", \"shape\": [384, 56, 56], \"params\": {\"modules\": []}}, {\"class\": \"SequentialModule\", \"shape\": [384, 56, 56], \"params\": {\"modules\": [{\"class\": \"AvgAndUpsample\", \"shape\": [384, 56, 56], \"params\": {\"sequential\": {\"class\": \"SequentialModule\", \"shape\": [384, 1, 1], \"params\": {\"modules\": [{\"class\": \"ReduceAndExpand\", \"shape\": [384, 1, 1], \"params\": {\"sequential\": {\"class\": \"SequentialModule\", \"shape\": [96, 1, 1], \"params\": {\"modules\": [{\"class\": \"GELU\", \"shape\": [384, 1, 1], \"params\": {}}]}}, \"factor\": 4, \"scheme\": \"kaiming_normal\"}}]}}}}]}}]}}]}}, \"factor\": 4, \"scheme\": \"kaiming_normal\"}}, {\"class\": \"BatchNorm\", \"shape\": [96, 56, 56], \"params\": {}}]}}, \"subblock2\": {\"class\": \"SequentialModule\", \"shape\": [96, 56, 56], \"params\": {\"modules\": [{\"class\": \"Zero\", \"shape\": [96, 56, 56], \"params\": {}}]}}}, {\"subblock1\": {\"class\": \"SequentialModule\", \"shape\": [96, 56, 56], \"params\": {\"modules\": [{\"class\": \"ExpandAndReduce\", \"shape\": [96, 56, 56], \"params\": {\"sequential\": {\"class\": \"SequentialModule\", \"shape\": [384, 56, 56], \"params\": {\"modules\": [{\"class\": \"BatchNorm\", \"shape\": [384, 56, 56], \"params\": {}}, {\"class\": \"GELU\", \"shape\": [384, 56, 56], \"params\": {}}, {\"class\": \"ConvDepth5\", \"shape\": [384, 56, 56], \"params\": {}}, {\"class\": \"BatchNorm\", \"shape\": [384, 56, 56], \"params\": {}}, {\"class\": \"GELU\", \"shape\": [384, 56, 56], \"params\": {}}, {\"class\": \"ForkMerge\", \"shape\": [384, 56, 56], \"params\": {\"branches_count\": 2, \"fork_merge_tuple\": [\"copy\", \"multiply\"], \"branches\": [{\"class\": \"SequentialModule\", \"shape\": [384, 56, 56], \"params\": {\"modules\": []}}, {\"class\": \"SequentialModule\", \"shape\": [384, 56, 56], \"params\": {\"modules\": [{\"class\": \"AvgAndUpsample\", \"shape\": [384, 56, 56], \"params\": {\"sequential\": {\"class\": \"SequentialModule\", \"shape\": [384, 1, 1], \"params\": {\"modules\": [{\"class\": \"ReduceAndExpand\", \"shape\": [384, 1, 1], \"params\": {\"sequential\": {\"class\": \"SequentialModule\", \"shape\": [96, 1, 1], \"params\": {\"modules\": [{\"class\": \"GELU\", \"shape\": [384, 1, 1], \"params\": {}}]}}, \"factor\": 4, \"scheme\": \"kaiming_normal\"}}]}}}}]}}]}}]}}, \"factor\": 4, \"scheme\": \"kaiming_normal\"}}, {\"class\": \"BatchNorm\", \"shape\": [96, 56, 56], \"params\": {}}]}}, \"subblock2\": {\"class\": \"SequentialModule\", \"shape\": [96, 56, 56], \"params\": {\"modules\": [{\"class\": \"Zero\", \"shape\": [96, 56, 56], \"params\": {}}]}}}], [{\"subblock1\": {\"class\": \"SequentialModule\", \"shape\": [192, 28, 28], \"params\": {\"modules\": [{\"class\": \"ExpandAndReduce\", \"shape\": [192, 28, 28], \"params\": {\"sequential\": {\"class\": \"SequentialModule\", \"shape\": [768, 28, 28], \"params\": {\"modules\": [{\"class\": \"BatchNorm\", \"shape\": [768, 28, 28], \"params\": {}}, {\"class\": \"GELU\", \"shape\": [768, 28, 28], \"params\": {}}, {\"class\": \"ConvDepth5\", \"shape\": [768, 28, 28], \"params\": {}}, {\"class\": \"BatchNorm\", \"shape\": [768, 28, 28], \"params\": {}}, {\"class\": \"GELU\", \"shape\": [768, 28, 28], \"params\": {}}, {\"class\": \"ForkMerge\", \"shape\": [768, 28, 28], \"params\": {\"branches_count\": 2, \"fork_merge_tuple\": [\"copy\", \"multiply\"], \"branches\": [{\"class\": \"SequentialModule\", \"shape\": [768, 28, 28], \"params\": {\"modules\": []}}, {\"class\": \"SequentialModule\", \"shape\": [768, 28, 28], \"params\": {\"modules\": [{\"class\": \"AvgAndUpsample\", \"shape\": [768, 28, 28], \"params\": {\"sequential\": {\"class\": \"SequentialModule\", \"shape\": [768, 1, 1], \"params\": {\"modules\": [{\"class\": \"ReduceAndExpand\", \"shape\": [768, 1, 1], \"params\": {\"sequential\": {\"class\": \"SequentialModule\", \"shape\": [192, 1, 1], \"params\": {\"modules\": [{\"class\": \"GELU\", \"shape\": [768, 1, 1], \"params\": {}}]}}, \"factor\": 4, \"scheme\": \"kaiming_normal\"}}]}}}}]}}]}}]}}, \"factor\": 4, \"scheme\": \"kaiming_normal\"}}, {\"class\": \"BatchNorm\", \"shape\": [192, 28, 28], \"params\": {}}]}}, \"subblock2\": {\"class\": \"SequentialModule\", \"shape\": [192, 28, 28], \"params\": {\"modules\": [{\"class\": \"Zero\", \"shape\": [192, 28, 28], \"params\": {}}]}}}, {\"subblock1\": {\"class\": \"SequentialModule\", \"shape\": [192, 28, 28], \"params\": {\"modules\": [{\"class\": \"Conv3\", \"shape\": [192, 28, 28], \"params\": {}}, {\"class\": \"BatchNorm\", \"shape\": [192, 28, 28], \"params\": {}}, {\"class\": \"GELU\", \"shape\": [192, 28, 28], \"params\": {}}, {\"class\": \"Conv3\", \"shape\": [192, 28, 28], \"params\": {}}, {\"class\": \"BatchNorm\", \"shape\": [192, 28, 28], \"params\": {}}, {\"class\": \"GELU\", \"shape\": [192, 28, 28], \"params\": {}}]}}, \"subblock2\": {\"class\": \"SequentialModule\", \"shape\": [192, 28, 28], \"params\": {\"modules\": [{\"class\": \"Zero\", \"shape\": [192, 28, 28], \"params\": {}}]}}}, {\"subblock1\": {\"class\": \"SequentialModule\", \"shape\": [192, 28, 28], \"params\": {\"modules\": [{\"class\": \"Conv3\", \"shape\": [192, 28, 28], \"params\": {}}, {\"class\": \"BatchNorm\", \"shape\": [192, 28, 28], \"params\": {}}, {\"class\": \"GELU\", \"shape\": [192, 28, 28], \"params\": {}}, {\"class\": \"Conv3\", \"shape\": [192, 28, 28], \"params\": {}}, {\"class\": \"BatchNorm\", \"shape\": [192, 28, 28], \"params\": {}}, {\"class\": \"GELU\", \"shape\": [192, 28, 28], \"params\": {}}]}}, \"subblock2\": {\"class\": \"SequentialModule\", \"shape\": [192, 28, 28], \"params\": {\"modules\": [{\"class\": \"Zero\", \"shape\": [192, 28, 28], \"params\": {}}]}}}], [{\"subblock1\": {\"class\": \"SequentialModule\", \"shape\": [384, 14, 14], \"params\": {\"modules\": [{\"class\": \"ForkMergeAttention\", \"shape\": [384, 14, 14], \"params\": {\"branches\": [{\"class\": \"SequentialModule\", \"shape\": [32, 14, 14], \"params\": {\"modules\": []}}, {\"class\": \"SequentialModule\", \"shape\": [32, 14, 14], \"params\": {\"modules\": []}}, {\"class\": \"SequentialModule\", \"shape\": [32, 14, 14], \"params\": {\"modules\": []}}, {\"class\": \"SequentialModule\", \"shape\": [32, 14, 14], \"params\": {\"modules\": []}}, {\"class\": \"SequentialModule\", \"shape\": [32, 14, 14], \"params\": {\"modules\": []}}, {\"class\": \"SequentialModule\", \"shape\": [32, 14, 14], \"params\": {\"modules\": []}}, {\"class\": \"SequentialModule\", \"shape\": [32, 14, 14], \"params\": {\"modules\": []}}, {\"class\": \"SequentialModule\", \"shape\": [32, 14, 14], \"params\": {\"modules\": []}}, {\"class\": \"SequentialModule\", \"shape\": [32, 14, 14], \"params\": {\"modules\": []}}, {\"class\": \"SequentialModule\", \"shape\": [32, 14, 14], \"params\": {\"modules\": []}}, {\"class\": \"SequentialModule\", \"shape\": [32, 14, 14], \"params\": {\"modules\": []}}, {\"class\": \"SequentialModule\", \"shape\": [32, 14, 14], \"params\": {\"modules\": []}}, {\"class\": \"SequentialModule\", \"shape\": [32, 14, 14], \"params\": {\"modules\": []}}, {\"class\": \"SequentialModule\", \"shape\": [32, 14, 14], \"params\": {\"modules\": []}}, {\"class\": \"SequentialModule\", \"shape\": [32, 14, 14], \"params\": {\"modules\": []}}, {\"class\": \"SequentialModule\", \"shape\": [32, 14, 14], \"params\": {\"modules\": []}}, {\"class\": \"SequentialModule\", \"shape\": [32, 14, 14], \"params\": {\"modules\": []}}, {\"class\": \"SequentialModule\", \"shape\": [32, 14, 14], \"params\": {\"modules\": []}}, {\"class\": \"SequentialModule\", \"shape\": [32, 14, 14], \"params\": {\"modules\": []}}, {\"class\": \"SequentialModule\", \"shape\": [32, 14, 14], \"params\": {\"modules\": []}}, {\"class\": \"SequentialModule\", \"shape\": [32, 14, 14], \"params\": {\"modules\": []}}, {\"class\": \"SequentialModule\", \"shape\": [32, 14, 14], \"params\": {\"modules\": []}}, {\"class\": \"SequentialModule\", \"shape\": [32, 14, 14], \"params\": {\"modules\": []}}, {\"class\": \"SequentialModule\", \"shape\": [32, 14, 14], \"params\": {\"modules\": []}}, {\"class\": \"SequentialModule\", \"shape\": [32, 14, 14], \"params\": {\"modules\": []}}, {\"class\": \"SequentialModule\", \"shape\": [32, 14, 14], \"params\": {\"modules\": []}}, {\"class\": \"SequentialModule\", \"shape\": [32, 14, 14], \"params\": {\"modules\": []}}, {\"class\": \"SequentialModule\", \"shape\": [32, 14, 14], \"params\": {\"modules\": []}}, {\"class\": \"SequentialModule\", \"shape\": [32, 14, 14], \"params\": {\"modules\": []}}, {\"class\": \"SequentialModule\", \"shape\": [32, 14, 14], \"params\": {\"modules\": []}}, {\"class\": \"SequentialModule\", \"shape\": [32, 14, 14], \"params\": {\"modules\": []}}, {\"class\": \"SequentialModule\", \"shape\": [32, 14, 14], \"params\": {\"modules\": []}}, {\"class\": \"SequentialModule\", \"shape\": [32, 14, 14], \"params\": {\"modules\": []}}, {\"class\": \"SequentialModule\", \"shape\": [32, 14, 14], \"params\": {\"modules\": []}}, {\"class\": \"SequentialModule\", \"shape\": [32, 14, 14], \"params\": {\"modules\": []}}, {\"class\": \"SequentialModule\", \"shape\": [32, 14, 14], \"params\": {\"modules\": []}}], \"matmullefts\": [{\"class\": \"MatmulLeft\", \"shape\": [1, 196, 196], \"params\": {}}, {\"class\": \"MatmulLeft\", \"shape\": [1, 196, 196], \"params\": {}}, {\"class\": \"MatmulLeft\", \"shape\": [1, 196, 196], \"params\": {}}, {\"class\": \"MatmulLeft\", \"shape\": [1, 196, 196], \"params\": {}}, {\"class\": \"MatmulLeft\", \"shape\": [1, 196, 196], \"params\": {}}, {\"class\": \"MatmulLeft\", \"shape\": [1, 196, 196], \"params\": {}}, {\"class\": \"MatmulLeft\", \"shape\": [1, 196, 196], \"params\": {}}, {\"class\": \"MatmulLeft\", \"shape\": [1, 196, 196], \"params\": {}}, {\"class\": \"MatmulLeft\", \"shape\": [1, 196, 196], \"params\": {}}, {\"class\": \"MatmulLeft\", \"shape\": [1, 196, 196], \"params\": {}}, {\"class\": \"MatmulLeft\", \"shape\": [1, 196, 196], \"params\": {}}, {\"class\": \"MatmulLeft\", \"shape\": [1, 196, 196], \"params\": {}}], \"matmulrights\": [{\"class\": \"MatmulRight\", \"shape\": [32, 14, 14], \"params\": {}}, {\"class\": \"MatmulRight\", \"shape\": [32, 14, 14], \"params\": {}}, {\"class\": \"MatmulRight\", \"shape\": [32, 14, 14], \"params\": {}}, {\"class\": \"MatmulRight\", \"shape\": [32, 14, 14], \"params\": {}}, {\"class\": \"MatmulRight\", \"shape\": [32, 14, 14], \"params\": {}}, {\"class\": \"MatmulRight\", \"shape\": [32, 14, 14], \"params\": {}}, {\"class\": \"MatmulRight\", \"shape\": [32, 14, 14], \"params\": {}}, {\"class\": \"MatmulRight\", \"shape\": [32, 14, 14], \"params\": {}}, {\"class\": \"MatmulRight\", \"shape\": [32, 14, 14], \"params\": {}}, {\"class\": \"MatmulRight\", \"shape\": [32, 14, 14], \"params\": {}}, {\"class\": \"MatmulRight\", \"shape\": [32, 14, 14], \"params\": {}}, {\"class\": \"MatmulRight\", \"shape\": [32, 14, 14], \"params\": {}}], \"connections\": [{\"class\": \"SequentialModule\", \"shape\": [1, 196, 196], \"params\": {\"modules\": [{\"class\": \"RelPosBias\", \"shape\": [1, 196, 196], \"params\": {}}, {\"class\": \"Softmax\", \"shape\": [1, 196, 196], \"params\": {}}]}}, {\"class\": \"SequentialModule\", \"shape\": [1, 196, 196], \"params\": {\"modules\": [{\"class\": \"RelPosBias\", \"shape\": [1, 196, 196], \"params\": {}}, {\"class\": \"Softmax\", \"shape\": [1, 196, 196], \"params\": {}}]}}, {\"class\": \"SequentialModule\", \"shape\": [1, 196, 196], \"params\": {\"modules\": [{\"class\": \"RelPosBias\", \"shape\": [1, 196, 196], \"params\": {}}, {\"class\": \"Softmax\", \"shape\": [1, 196, 196], \"params\": {}}]}}, {\"class\": \"SequentialModule\", \"shape\": [1, 196, 196], \"params\": {\"modules\": [{\"class\": \"RelPosBias\", \"shape\": [1, 196, 196], \"params\": {}}, {\"class\": \"Softmax\", \"shape\": [1, 196, 196], \"params\": {}}]}}, {\"class\": \"SequentialModule\", \"shape\": [1, 196, 196], \"params\": {\"modules\": [{\"class\": \"RelPosBias\", \"shape\": [1, 196, 196], \"params\": {}}, {\"class\": \"Softmax\", \"shape\": [1, 196, 196], \"params\": {}}]}}, {\"class\": \"SequentialModule\", \"shape\": [1, 196, 196], \"params\": {\"modules\": [{\"class\": \"RelPosBias\", \"shape\": [1, 196, 196], \"params\": {}}, {\"class\": \"Softmax\", \"shape\": [1, 196, 196], \"params\": {}}]}}, {\"class\": \"SequentialModule\", \"shape\": [1, 196, 196], \"params\": {\"modules\": [{\"class\": \"RelPosBias\", \"shape\": [1, 196, 196], \"params\": {}}, {\"class\": \"Softmax\", \"shape\": [1, 196, 196], \"params\": {}}]}}, {\"class\": \"SequentialModule\", \"shape\": [1, 196, 196], \"params\": {\"modules\": [{\"class\": \"RelPosBias\", \"shape\": [1, 196, 196], \"params\": {}}, {\"class\": \"Softmax\", \"shape\": [1, 196, 196], \"params\": {}}]}}, {\"class\": \"SequentialModule\", \"shape\": [1, 196, 196], \"params\": {\"modules\": [{\"class\": \"RelPosBias\", \"shape\": [1, 196, 196], \"params\": {}}, {\"class\": \"Softmax\", \"shape\": [1, 196, 196], \"params\": {}}]}}, {\"class\": \"SequentialModule\", \"shape\": [1, 196, 196], \"params\": {\"modules\": [{\"class\": \"RelPosBias\", \"shape\": [1, 196, 196], \"params\": {}}, {\"class\": \"Softmax\", \"shape\": [1, 196, 196], \"params\": {}}]}}, {\"class\": \"SequentialModule\", \"shape\": [1, 196, 196], \"params\": {\"modules\": [{\"class\": \"RelPosBias\", \"shape\": [1, 196, 196], \"params\": {}}, {\"class\": \"Softmax\", \"shape\": [1, 196, 196], \"params\": {}}]}}, {\"class\": \"SequentialModule\", \"shape\": [1, 196, 196], \"params\": {\"modules\": [{\"class\": \"RelPosBias\", \"shape\": [1, 196, 196], \"params\": {}}, {\"class\": \"Softmax\", \"shape\": [1, 196, 196], \"params\": {}}]}}], \"post_branches\": [{\"class\": \"SequentialModule\", \"shape\": [32, 14, 14], \"params\": {\"modules\": []}}, {\"class\": \"SequentialModule\", \"shape\": [32, 14, 14], \"params\": {\"modules\": []}}, {\"class\": \"SequentialModule\", \"shape\": [32, 14, 14], \"params\": {\"modules\": []}}, {\"class\": \"SequentialModule\", \"shape\": [32, 14, 14], \"params\": {\"modules\": []}}, {\"class\": \"SequentialModule\", \"shape\": [32, 14, 14], \"params\": {\"modules\": []}}, {\"class\": \"SequentialModule\", \"shape\": [32, 14, 14], \"params\": {\"modules\": []}}, {\"class\": \"SequentialModule\", \"shape\": [32, 14, 14], \"params\": {\"modules\": []}}, {\"class\": \"SequentialModule\", \"shape\": [32, 14, 14], \"params\": {\"modules\": []}}, {\"class\": \"SequentialModule\", \"shape\": [32, 14, 14], \"params\": {\"modules\": []}}, {\"class\": \"SequentialModule\", \"shape\": [32, 14, 14], \"params\": {\"modules\": []}}, {\"class\": \"SequentialModule\", \"shape\": [32, 14, 14], \"params\": {\"modules\": []}}, {\"class\": \"SequentialModule\", \"shape\": [32, 14, 14], \"params\": {\"modules\": []}}]}}, {\"class\": \"Conv1\", \"shape\": [384, 14, 14], \"params\": {}}]}}, \"subblock2\": {\"class\": \"SequentialModule\", \"shape\": [384, 14, 14], \"params\": {\"modules\": [{\"class\": \"ExpandAndReduce\", \"shape\": [384, 14, 14], \"params\": {\"sequential\": {\"class\": \"SequentialModule\", \"shape\": [1536, 14, 14], \"params\": {\"modules\": [{\"class\": \"LayerNorm\", \"shape\": [1536, 14, 14], \"params\": {}}, {\"class\": \"GELU\", \"shape\": [384, 14, 14], \"params\": {}}]}}, \"factor\": 4, \"scheme\": \"kaiming_normal\"}}]}}}, {\"subblock1\": {\"class\": \"SequentialModule\", \"shape\": [384, 14, 14], \"params\": {\"modules\": [{\"class\": \"ForkMergeAttention\", \"shape\": [384, 14, 14], \"params\": {\"branches\": [{\"class\": \"SequentialModule\", \"shape\": [32, 14, 14], \"params\": {\"modules\": []}}, {\"class\": \"SequentialModule\", \"shape\": [32, 14, 14], \"params\": {\"modules\": []}}, {\"class\": \"SequentialModule\", \"shape\": [32, 14, 14], \"params\": {\"modules\": []}}, {\"class\": \"SequentialModule\", \"shape\": [32, 14, 14], \"params\": {\"modules\": []}}, {\"class\": \"SequentialModule\", \"shape\": [32, 14, 14], \"params\": {\"modules\": []}}, {\"class\": \"SequentialModule\", \"shape\": [32, 14, 14], \"params\": {\"modules\": []}}, {\"class\": \"SequentialModule\", \"shape\": [32, 14, 14], \"params\": {\"modules\": []}}, {\"class\": \"SequentialModule\", \"shape\": [32, 14, 14], \"params\": {\"modules\": []}}, {\"class\": \"SequentialModule\", \"shape\": [32, 14, 14], \"params\": {\"modules\": []}}, {\"class\": \"SequentialModule\", \"shape\": [32, 14, 14], \"params\": {\"modules\": []}}, {\"class\": \"SequentialModule\", \"shape\": [32, 14, 14], \"params\": {\"modules\": []}}, {\"class\": \"SequentialModule\", \"shape\": [32, 14, 14], \"params\": {\"modules\": []}}, {\"class\": \"SequentialModule\", \"shape\": [32, 14, 14], \"params\": {\"modules\": []}}, {\"class\": \"SequentialModule\", \"shape\": [32, 14, 14], \"params\": {\"modules\": []}}, {\"class\": \"SequentialModule\", \"shape\": [32, 14, 14], \"params\": {\"modules\": []}}, {\"class\": \"SequentialModule\", \"shape\": [32, 14, 14], \"params\": {\"modules\": []}}, {\"class\": \"SequentialModule\", \"shape\": [32, 14, 14], \"params\": {\"modules\": []}}, {\"class\": \"SequentialModule\", \"shape\": [32, 14, 14], \"params\": {\"modules\": []}}, {\"class\": \"SequentialModule\", \"shape\": [32, 14, 14], \"params\": {\"modules\": []}}, {\"class\": \"SequentialModule\", \"shape\": [32, 14, 14], \"params\": {\"modules\": []}}, {\"class\": \"SequentialModule\", \"shape\": [32, 14, 14], \"params\": {\"modules\": []}}, {\"class\": \"SequentialModule\", \"shape\": [32, 14, 14], \"params\": {\"modules\": []}}, {\"class\": \"SequentialModule\", \"shape\": [32, 14, 14], \"params\": {\"modules\": []}}, {\"class\": \"SequentialModule\", \"shape\": [32, 14, 14], \"params\": {\"modules\": []}}, {\"class\": \"SequentialModule\", \"shape\": [32, 14, 14], \"params\": {\"modules\": []}}, {\"class\": \"SequentialModule\", \"shape\": [32, 14, 14], \"params\": {\"modules\": []}}, {\"class\": \"SequentialModule\", \"shape\": [32, 14, 14], \"params\": {\"modules\": []}}, {\"class\": \"SequentialModule\", \"shape\": [32, 14, 14], \"params\": {\"modules\": []}}, {\"class\": \"SequentialModule\", \"shape\": [32, 14, 14], \"params\": {\"modules\": []}}, {\"class\": \"SequentialModule\", \"shape\": [32, 14, 14], \"params\": {\"modules\": []}}, {\"class\": \"SequentialModule\", \"shape\": [32, 14, 14], \"params\": {\"modules\": []}}, {\"class\": \"SequentialModule\", \"shape\": [32, 14, 14], \"params\": {\"modules\": []}}, {\"class\": \"SequentialModule\", \"shape\": [32, 14, 14], \"params\": {\"modules\": []}}, {\"class\": \"SequentialModule\", \"shape\": [32, 14, 14], \"params\": {\"modules\": []}}, {\"class\": \"SequentialModule\", \"shape\": [32, 14, 14], \"params\": {\"modules\": []}}, {\"class\": \"SequentialModule\", \"shape\": [32, 14, 14], \"params\": {\"modules\": []}}], \"matmullefts\": [{\"class\": \"MatmulLeft\", \"shape\": [1, 196, 196], \"params\": {}}, {\"class\": \"MatmulLeft\", \"shape\": [1, 196, 196], \"params\": {}}, {\"class\": \"MatmulLeft\", \"shape\": [1, 196, 196], \"params\": {}}, {\"class\": \"MatmulLeft\", \"shape\": [1, 196, 196], \"params\": {}}, {\"class\": \"MatmulLeft\", \"shape\": [1, 196, 196], \"params\": {}}, {\"class\": \"MatmulLeft\", \"shape\": [1, 196, 196], \"params\": {}}, {\"class\": \"MatmulLeft\", \"shape\": [1, 196, 196], \"params\": {}}, {\"class\": \"MatmulLeft\", \"shape\": [1, 196, 196], \"params\": {}}, {\"class\": \"MatmulLeft\", \"shape\": [1, 196, 196], \"params\": {}}, {\"class\": \"MatmulLeft\", \"shape\": [1, 196, 196], \"params\": {}}, {\"class\": \"MatmulLeft\", \"shape\": [1, 196, 196], \"params\": {}}, {\"class\": \"MatmulLeft\", \"shape\": [1, 196, 196], \"params\": {}}], \"matmulrights\": [{\"class\": \"MatmulRight\", \"shape\": [32, 14, 14], \"params\": {}}, {\"class\": \"MatmulRight\", \"shape\": [32, 14, 14], \"params\": {}}, {\"class\": \"MatmulRight\", \"shape\": [32, 14, 14], \"params\": {}}, {\"class\": \"MatmulRight\", \"shape\": [32, 14, 14], \"params\": {}}, {\"class\": \"MatmulRight\", \"shape\": [32, 14, 14], \"params\": {}}, {\"class\": \"MatmulRight\", \"shape\": [32, 14, 14], \"params\": {}}, {\"class\": \"MatmulRight\", \"shape\": [32, 14, 14], \"params\": {}}, {\"class\": \"MatmulRight\", \"shape\": [32, 14, 14], \"params\": {}}, {\"class\": \"MatmulRight\", \"shape\": [32, 14, 14], \"params\": {}}, {\"class\": \"MatmulRight\", \"shape\": [32, 14, 14], \"params\": {}}, {\"class\": \"MatmulRight\", \"shape\": [32, 14, 14], \"params\": {}}, {\"class\": \"MatmulRight\", \"shape\": [32, 14, 14], \"params\": {}}], \"connections\": [{\"class\": \"SequentialModule\", \"shape\": [1, 196, 196], \"params\": {\"modules\": [{\"class\": \"RelPosBias\", \"shape\": [1, 196, 196], \"params\": {}}, {\"class\": \"Softmax\", \"shape\": [1, 196, 196], \"params\": {}}]}}, {\"class\": \"SequentialModule\", \"shape\": [1, 196, 196], \"params\": {\"modules\": [{\"class\": \"RelPosBias\", \"shape\": [1, 196, 196], \"params\": {}}, {\"class\": \"Softmax\", \"shape\": [1, 196, 196], \"params\": {}}]}}, {\"class\": \"SequentialModule\", \"shape\": [1, 196, 196], \"params\": {\"modules\": [{\"class\": \"RelPosBias\", \"shape\": [1, 196, 196], \"params\": {}}, {\"class\": \"Softmax\", \"shape\": [1, 196, 196], \"params\": {}}]}}, {\"class\": \"SequentialModule\", \"shape\": [1, 196, 196], \"params\": {\"modules\": [{\"class\": \"RelPosBias\", \"shape\": [1, 196, 196], \"params\": {}}, {\"class\": \"Softmax\", \"shape\": [1, 196, 196], \"params\": {}}]}}, {\"class\": \"SequentialModule\", \"shape\": [1, 196, 196], \"params\": {\"modules\": [{\"class\": \"RelPosBias\", \"shape\": [1, 196, 196], \"params\": {}}, {\"class\": \"Softmax\", \"shape\": [1, 196, 196], \"params\": {}}]}}, {\"class\": \"SequentialModule\", \"shape\": [1, 196, 196], \"params\": {\"modules\": [{\"class\": \"RelPosBias\", \"shape\": [1, 196, 196], \"params\": {}}, {\"class\": \"Softmax\", \"shape\": [1, 196, 196], \"params\": {}}]}}, {\"class\": \"SequentialModule\", \"shape\": [1, 196, 196], \"params\": {\"modules\": [{\"class\": \"RelPosBias\", \"shape\": [1, 196, 196], \"params\": {}}, {\"class\": \"Softmax\", \"shape\": [1, 196, 196], \"params\": {}}]}}, {\"class\": \"SequentialModule\", \"shape\": [1, 196, 196], \"params\": {\"modules\": [{\"class\": \"RelPosBias\", \"shape\": [1, 196, 196], \"params\": {}}, {\"class\": \"Softmax\", \"shape\": [1, 196, 196], \"params\": {}}]}}, {\"class\": \"SequentialModule\", \"shape\": [1, 196, 196], \"params\": {\"modules\": [{\"class\": \"RelPosBias\", \"shape\": [1, 196, 196], \"params\": {}}, {\"class\": \"Softmax\", \"shape\": [1, 196, 196], \"params\": {}}]}}, {\"class\": \"SequentialModule\", \"shape\": [1, 196, 196], \"params\": {\"modules\": [{\"class\": \"RelPosBias\", \"shape\": [1, 196, 196], \"params\": {}}, {\"class\": \"Softmax\", \"shape\": [1, 196, 196], \"params\": {}}]}}, {\"class\": \"SequentialModule\", \"shape\": [1, 196, 196], \"params\": {\"modules\": [{\"class\": \"RelPosBias\", \"shape\": [1, 196, 196], \"params\": {}}, {\"class\": \"Softmax\", \"shape\": [1, 196, 196], \"params\": {}}]}}, {\"class\": \"SequentialModule\", \"shape\": [1, 196, 196], \"params\": {\"modules\": [{\"class\": \"RelPosBias\", \"shape\": [1, 196, 196], \"params\": {}}, {\"class\": \"Softmax\", \"shape\": [1, 196, 196], \"params\": {}}]}}], \"post_branches\": [{\"class\": \"SequentialModule\", \"shape\": [32, 14, 14], \"params\": {\"modules\": []}}, {\"class\": \"SequentialModule\", \"shape\": [32, 14, 14], \"params\": {\"modules\": []}}, {\"class\": \"SequentialModule\", \"shape\": [32, 14, 14], \"params\": {\"modules\": []}}, {\"class\": \"SequentialModule\", \"shape\": [32, 14, 14], \"params\": {\"modules\": []}}, {\"class\": \"SequentialModule\", \"shape\": [32, 14, 14], \"params\": {\"modules\": []}}, {\"class\": \"SequentialModule\", \"shape\": [32, 14, 14], \"params\": {\"modules\": []}}, {\"class\": \"SequentialModule\", \"shape\": [32, 14, 14], \"params\": {\"modules\": []}}, {\"class\": \"SequentialModule\", \"shape\": [32, 14, 14], \"params\": {\"modules\": []}}, {\"class\": \"SequentialModule\", \"shape\": [32, 14, 14], \"params\": {\"modules\": []}}, {\"class\": \"SequentialModule\", \"shape\": [32, 14, 14], \"params\": {\"modules\": []}}, {\"class\": \"SequentialModule\", \"shape\": [32, 14, 14], \"params\": {\"modules\": []}}, {\"class\": \"SequentialModule\", \"shape\": [32, 14, 14], \"params\": {\"modules\": []}}]}}, {\"class\": \"Conv1\", \"shape\": [384, 14, 14], \"params\": {}}]}}, \"subblock2\": {\"class\": \"SequentialModule\", \"shape\": [384, 14, 14], \"params\": {\"modules\": [{\"class\": \"ExpandAndReduce\", \"shape\": [384, 14, 14], \"params\": {\"sequential\": {\"class\": \"SequentialModule\", \"shape\": [1536, 14, 14], \"params\": {\"modules\": [{\"class\": \"LayerNorm\", \"shape\": [1536, 14, 14], \"params\": {}}, {\"class\": \"GELU\", \"shape\": [384, 14, 14], \"params\": {}}]}}, \"factor\": 4, \"scheme\": \"kaiming_normal\"}}]}}}, {\"subblock1\": {\"class\": \"SequentialModule\", \"shape\": [384, 14, 14], \"params\": {\"modules\": [{\"class\": \"ForkMergeAttention\", \"shape\": [384, 14, 14], \"params\": {\"branches\": [{\"class\": \"SequentialModule\", \"shape\": [32, 14, 14], \"params\": {\"modules\": []}}, {\"class\": \"SequentialModule\", \"shape\": [32, 14, 14], \"params\": {\"modules\": []}}, {\"class\": \"SequentialModule\", \"shape\": [32, 14, 14], \"params\": {\"modules\": []}}, {\"class\": \"SequentialModule\", \"shape\": [32, 14, 14], \"params\": {\"modules\": []}}, {\"class\": \"SequentialModule\", \"shape\": [32, 14, 14], \"params\": {\"modules\": []}}, {\"class\": \"SequentialModule\", \"shape\": [32, 14, 14], \"params\": {\"modules\": []}}, {\"class\": \"SequentialModule\", \"shape\": [32, 14, 14], \"params\": {\"modules\": []}}, {\"class\": \"SequentialModule\", \"shape\": [32, 14, 14], \"params\": {\"modules\": []}}, {\"class\": \"SequentialModule\", \"shape\": [32, 14, 14], \"params\": {\"modules\": []}}, {\"class\": \"SequentialModule\", \"shape\": [32, 14, 14], \"params\": {\"modules\": []}}, {\"class\": \"SequentialModule\", \"shape\": [32, 14, 14], \"params\": {\"modules\": []}}, {\"class\": \"SequentialModule\", \"shape\": [32, 14, 14], \"params\": {\"modules\": []}}, {\"class\": \"SequentialModule\", \"shape\": [32, 14, 14], \"params\": {\"modules\": []}}, {\"class\": \"SequentialModule\", \"shape\": [32, 14, 14], \"params\": {\"modules\": []}}, {\"class\": \"SequentialModule\", \"shape\": [32, 14, 14], \"params\": {\"modules\": []}}, {\"class\": \"SequentialModule\", \"shape\": [32, 14, 14], \"params\": {\"modules\": []}}, {\"class\": \"SequentialModule\", \"shape\": [32, 14, 14], \"params\": {\"modules\": []}}, {\"class\": \"SequentialModule\", \"shape\": [32, 14, 14], \"params\": {\"modules\": []}}, {\"class\": \"SequentialModule\", \"shape\": [32, 14, 14], \"params\": {\"modules\": []}}, {\"class\": \"SequentialModule\", \"shape\": [32, 14, 14], \"params\": {\"modules\": []}}, {\"class\": \"SequentialModule\", \"shape\": [32, 14, 14], \"params\": {\"modules\": []}}, {\"class\": \"SequentialModule\", \"shape\": [32, 14, 14], \"params\": {\"modules\": []}}, {\"class\": \"SequentialModule\", \"shape\": [32, 14, 14], \"params\": {\"modules\": []}}, {\"class\": \"SequentialModule\", \"shape\": [32, 14, 14], \"params\": {\"modules\": []}}, {\"class\": \"SequentialModule\", \"shape\": [32, 14, 14], \"params\": {\"modules\": []}}, {\"class\": \"SequentialModule\", \"shape\": [32, 14, 14], \"params\": {\"modules\": []}}, {\"class\": \"SequentialModule\", \"shape\": [32, 14, 14], \"params\": {\"modules\": []}}, {\"class\": \"SequentialModule\", \"shape\": [32, 14, 14], \"params\": {\"modules\": []}}, {\"class\": \"SequentialModule\", \"shape\": [32, 14, 14], \"params\": {\"modules\": []}}, {\"class\": \"SequentialModule\", \"shape\": [32, 14, 14], \"params\": {\"modules\": []}}, {\"class\": \"SequentialModule\", \"shape\": [32, 14, 14], \"params\": {\"modules\": []}}, {\"class\": \"SequentialModule\", \"shape\": [32, 14, 14], \"params\": {\"modules\": []}}, {\"class\": \"SequentialModule\", \"shape\": [32, 14, 14], \"params\": {\"modules\": []}}, {\"class\": \"SequentialModule\", \"shape\": [32, 14, 14], \"params\": {\"modules\": []}}, {\"class\": \"SequentialModule\", \"shape\": [32, 14, 14], \"params\": {\"modules\": []}}, {\"class\": \"SequentialModule\", \"shape\": [32, 14, 14], \"params\": {\"modules\": []}}], \"matmullefts\": [{\"class\": \"MatmulLeft\", \"shape\": [1, 196, 196], \"params\": {}}, {\"class\": \"MatmulLeft\", \"shape\": [1, 196, 196], \"params\": {}}, {\"class\": \"MatmulLeft\", \"shape\": [1, 196, 196], \"params\": {}}, {\"class\": \"MatmulLeft\", \"shape\": [1, 196, 196], \"params\": {}}, {\"class\": \"MatmulLeft\", \"shape\": [1, 196, 196], \"params\": {}}, {\"class\": \"MatmulLeft\", \"shape\": [1, 196, 196], \"params\": {}}, {\"class\": \"MatmulLeft\", \"shape\": [1, 196, 196], \"params\": {}}, {\"class\": \"MatmulLeft\", \"shape\": [1, 196, 196], \"params\": {}}, {\"class\": \"MatmulLeft\", \"shape\": [1, 196, 196], \"params\": {}}, {\"class\": \"MatmulLeft\", \"shape\": [1, 196, 196], \"params\": {}}, {\"class\": \"MatmulLeft\", \"shape\": [1, 196, 196], \"params\": {}}, {\"class\": \"MatmulLeft\", \"shape\": [1, 196, 196], \"params\": {}}], \"matmulrights\": [{\"class\": \"MatmulRight\", \"shape\": [32, 14, 14], \"params\": {}}, {\"class\": \"MatmulRight\", \"shape\": [32, 14, 14], \"params\": {}}, {\"class\": \"MatmulRight\", \"shape\": [32, 14, 14], \"params\": {}}, {\"class\": \"MatmulRight\", \"shape\": [32, 14, 14], \"params\": {}}, {\"class\": \"MatmulRight\", \"shape\": [32, 14, 14], \"params\": {}}, {\"class\": \"MatmulRight\", \"shape\": [32, 14, 14], \"params\": {}}, {\"class\": \"MatmulRight\", \"shape\": [32, 14, 14], \"params\": {}}, {\"class\": \"MatmulRight\", \"shape\": [32, 14, 14], \"params\": {}}, {\"class\": \"MatmulRight\", \"shape\": [32, 14, 14], \"params\": {}}, {\"class\": \"MatmulRight\", \"shape\": [32, 14, 14], \"params\": {}}, {\"class\": \"MatmulRight\", \"shape\": [32, 14, 14], \"params\": {}}, {\"class\": \"MatmulRight\", \"shape\": [32, 14, 14], \"params\": {}}], \"connections\": [{\"class\": \"SequentialModule\", \"shape\": [1, 196, 196], \"params\": {\"modules\": [{\"class\": \"RelPosBias\", \"shape\": [1, 196, 196], \"params\": {}}, {\"class\": \"Softmax\", \"shape\": [1, 196, 196], \"params\": {}}]}}, {\"class\": \"SequentialModule\", \"shape\": [1, 196, 196], \"params\": {\"modules\": [{\"class\": \"RelPosBias\", \"shape\": [1, 196, 196], \"params\": {}}, {\"class\": \"Softmax\", \"shape\": [1, 196, 196], \"params\": {}}]}}, {\"class\": \"SequentialModule\", \"shape\": [1, 196, 196], \"params\": {\"modules\": [{\"class\": \"RelPosBias\", \"shape\": [1, 196, 196], \"params\": {}}, {\"class\": \"Softmax\", \"shape\": [1, 196, 196], \"params\": {}}]}}, {\"class\": \"SequentialModule\", \"shape\": [1, 196, 196], \"params\": {\"modules\": [{\"class\": \"RelPosBias\", \"shape\": [1, 196, 196], \"params\": {}}, {\"class\": \"Softmax\", \"shape\": [1, 196, 196], \"params\": {}}]}}, {\"class\": \"SequentialModule\", \"shape\": [1, 196, 196], \"params\": {\"modules\": [{\"class\": \"RelPosBias\", \"shape\": [1, 196, 196], \"params\": {}}, {\"class\": \"Softmax\", \"shape\": [1, 196, 196], \"params\": {}}]}}, {\"class\": \"SequentialModule\", \"shape\": [1, 196, 196], \"params\": {\"modules\": [{\"class\": \"RelPosBias\", \"shape\": [1, 196, 196], \"params\": {}}, {\"class\": \"Softmax\", \"shape\": [1, 196, 196], \"params\": {}}]}}, {\"class\": \"SequentialModule\", \"shape\": [1, 196, 196], \"params\": {\"modules\": [{\"class\": \"RelPosBias\", \"shape\": [1, 196, 196], \"params\": {}}, {\"class\": \"Softmax\", \"shape\": [1, 196, 196], \"params\": {}}]}}, {\"class\": \"SequentialModule\", \"shape\": [1, 196, 196], \"params\": {\"modules\": [{\"class\": \"RelPosBias\", \"shape\": [1, 196, 196], \"params\": {}}, {\"class\": \"Softmax\", \"shape\": [1, 196, 196], \"params\": {}}]}}, {\"class\": \"SequentialModule\", \"shape\": [1, 196, 196], \"params\": {\"modules\": [{\"class\": \"RelPosBias\", \"shape\": [1, 196, 196], \"params\": {}}, {\"class\": \"Softmax\", \"shape\": [1, 196, 196], \"params\": {}}]}}, {\"class\": \"SequentialModule\", \"shape\": [1, 196, 196], \"params\": {\"modules\": [{\"class\": \"RelPosBias\", \"shape\": [1, 196, 196], \"params\": {}}, {\"class\": \"Softmax\", \"shape\": [1, 196, 196], \"params\": {}}]}}, {\"class\": \"SequentialModule\", \"shape\": [1, 196, 196], \"params\": {\"modules\": [{\"class\": \"RelPosBias\", \"shape\": [1, 196, 196], \"params\": {}}, {\"class\": \"Softmax\", \"shape\": [1, 196, 196], \"params\": {}}]}}, {\"class\": \"SequentialModule\", \"shape\": [1, 196, 196], \"params\": {\"modules\": [{\"class\": \"RelPosBias\", \"shape\": [1, 196, 196], \"params\": {}}, {\"class\": \"Softmax\", \"shape\": [1, 196, 196], \"params\": {}}]}}], \"post_branches\": [{\"class\": \"SequentialModule\", \"shape\": [32, 14, 14], \"params\": {\"modules\": []}}, {\"class\": \"SequentialModule\", \"shape\": [32, 14, 14], \"params\": {\"modules\": []}}, {\"class\": \"SequentialModule\", \"shape\": [32, 14, 14], \"params\": {\"modules\": []}}, {\"class\": \"SequentialModule\", \"shape\": [32, 14, 14], \"params\": {\"modules\": []}}, {\"class\": \"SequentialModule\", \"shape\": [32, 14, 14], \"params\": {\"modules\": []}}, {\"class\": \"SequentialModule\", \"shape\": [32, 14, 14], \"params\": {\"modules\": []}}, {\"class\": \"SequentialModule\", \"shape\": [32, 14, 14], \"params\": {\"modules\": []}}, {\"class\": \"SequentialModule\", \"shape\": [32, 14, 14], \"params\": {\"modules\": []}}, {\"class\": \"SequentialModule\", \"shape\": [32, 14, 14], \"params\": {\"modules\": []}}, {\"class\": \"SequentialModule\", \"shape\": [32, 14, 14], \"params\": {\"modules\": []}}, {\"class\": \"SequentialModule\", \"shape\": [32, 14, 14], \"params\": {\"modules\": []}}, {\"class\": \"SequentialModule\", \"shape\": [32, 14, 14], \"params\": {\"modules\": []}}]}}, {\"class\": \"Conv1\", \"shape\": [384, 14, 14], \"params\": {}}]}}, \"subblock2\": {\"class\": \"SequentialModule\", \"shape\": [384, 14, 14], \"params\": {\"modules\": [{\"class\": \"ExpandAndReduce\", \"shape\": [384, 14, 14], \"params\": {\"sequential\": {\"class\": \"SequentialModule\", \"shape\": [1536, 14, 14], \"params\": {\"modules\": [{\"class\": \"LayerNorm\", \"shape\": [1536, 14, 14], \"params\": {}}, {\"class\": \"GELU\", \"shape\": [384, 14, 14], \"params\": {}}]}}, \"factor\": 4, \"scheme\": \"kaiming_normal\"}}]}}}, {\"subblock1\": {\"class\": \"SequentialModule\", \"shape\": [384, 14, 14], \"params\": {\"modules\": [{\"class\": \"ForkMergeAttention\", \"shape\": [384, 14, 14], \"params\": {\"branches\": [{\"class\": \"SequentialModule\", \"shape\": [32, 14, 14], \"params\": {\"modules\": []}}, {\"class\": \"SequentialModule\", \"shape\": [32, 14, 14], \"params\": {\"modules\": []}}, {\"class\": \"SequentialModule\", \"shape\": [32, 14, 14], \"params\": {\"modules\": []}}, {\"class\": \"SequentialModule\", \"shape\": [32, 14, 14], \"params\": {\"modules\": []}}, {\"class\": \"SequentialModule\", \"shape\": [32, 14, 14], \"params\": {\"modules\": []}}, {\"class\": \"SequentialModule\", \"shape\": [32, 14, 14], \"params\": {\"modules\": []}}, {\"class\": \"SequentialModule\", \"shape\": [32, 14, 14], \"params\": {\"modules\": []}}, {\"class\": \"SequentialModule\", \"shape\": [32, 14, 14], \"params\": {\"modules\": []}}, {\"class\": \"SequentialModule\", \"shape\": [32, 14, 14], \"params\": {\"modules\": []}}, {\"class\": \"SequentialModule\", \"shape\": [32, 14, 14], \"params\": {\"modules\": []}}, {\"class\": \"SequentialModule\", \"shape\": [32, 14, 14], \"params\": {\"modules\": []}}, {\"class\": \"SequentialModule\", \"shape\": [32, 14, 14], \"params\": {\"modules\": []}}, {\"class\": \"SequentialModule\", \"shape\": [32, 14, 14], \"params\": {\"modules\": []}}, {\"class\": \"SequentialModule\", \"shape\": [32, 14, 14], \"params\": {\"modules\": []}}, {\"class\": \"SequentialModule\", \"shape\": [32, 14, 14], \"params\": {\"modules\": []}}, {\"class\": \"SequentialModule\", \"shape\": [32, 14, 14], \"params\": {\"modules\": []}}, {\"class\": \"SequentialModule\", \"shape\": [32, 14, 14], \"params\": {\"modules\": []}}, {\"class\": \"SequentialModule\", \"shape\": [32, 14, 14], \"params\": {\"modules\": []}}, {\"class\": \"SequentialModule\", \"shape\": [32, 14, 14], \"params\": {\"modules\": []}}, {\"class\": \"SequentialModule\", \"shape\": [32, 14, 14], \"params\": {\"modules\": []}}, {\"class\": \"SequentialModule\", \"shape\": [32, 14, 14], \"params\": {\"modules\": []}}, {\"class\": \"SequentialModule\", \"shape\": [32, 14, 14], \"params\": {\"modules\": []}}, {\"class\": \"SequentialModule\", \"shape\": [32, 14, 14], \"params\": {\"modules\": []}}, {\"class\": \"SequentialModule\", \"shape\": [32, 14, 14], \"params\": {\"modules\": []}}, {\"class\": \"SequentialModule\", \"shape\": [32, 14, 14], \"params\": {\"modules\": []}}, {\"class\": \"SequentialModule\", \"shape\": [32, 14, 14], \"params\": {\"modules\": []}}, {\"class\": \"SequentialModule\", \"shape\": [32, 14, 14], \"params\": {\"modules\": []}}, {\"class\": \"SequentialModule\", \"shape\": [32, 14, 14], \"params\": {\"modules\": []}}, {\"class\": \"SequentialModule\", \"shape\": [32, 14, 14], \"params\": {\"modules\": []}}, {\"class\": \"SequentialModule\", \"shape\": [32, 14, 14], \"params\": {\"modules\": []}}, {\"class\": \"SequentialModule\", \"shape\": [32, 14, 14], \"params\": {\"modules\": []}}, {\"class\": \"SequentialModule\", \"shape\": [32, 14, 14], \"params\": {\"modules\": []}}, {\"class\": \"SequentialModule\", \"shape\": [32, 14, 14], \"params\": {\"modules\": []}}, {\"class\": \"SequentialModule\", \"shape\": [32, 14, 14], \"params\": {\"modules\": []}}, {\"class\": \"SequentialModule\", \"shape\": [32, 14, 14], \"params\": {\"modules\": []}}, {\"class\": \"SequentialModule\", \"shape\": [32, 14, 14], \"params\": {\"modules\": []}}], \"matmullefts\": [{\"class\": \"MatmulLeft\", \"shape\": [1, 196, 196], \"params\": {}}, {\"class\": \"MatmulLeft\", \"shape\": [1, 196, 196], \"params\": {}}, {\"class\": \"MatmulLeft\", \"shape\": [1, 196, 196], \"params\": {}}, {\"class\": \"MatmulLeft\", \"shape\": [1, 196, 196], \"params\": {}}, {\"class\": \"MatmulLeft\", \"shape\": [1, 196, 196], \"params\": {}}, {\"class\": \"MatmulLeft\", \"shape\": [1, 196, 196], \"params\": {}}, {\"class\": \"MatmulLeft\", \"shape\": [1, 196, 196], \"params\": {}}, {\"class\": \"MatmulLeft\", \"shape\": [1, 196, 196], \"params\": {}}, {\"class\": \"MatmulLeft\", \"shape\": [1, 196, 196], \"params\": {}}, {\"class\": \"MatmulLeft\", \"shape\": [1, 196, 196], \"params\": {}}, {\"class\": \"MatmulLeft\", \"shape\": [1, 196, 196], \"params\": {}}, {\"class\": \"MatmulLeft\", \"shape\": [1, 196, 196], \"params\": {}}], \"matmulrights\": [{\"class\": \"MatmulRight\", \"shape\": [32, 14, 14], \"params\": {}}, {\"class\": \"MatmulRight\", \"shape\": [32, 14, 14], \"params\": {}}, {\"class\": \"MatmulRight\", \"shape\": [32, 14, 14], \"params\": {}}, {\"class\": \"MatmulRight\", \"shape\": [32, 14, 14], \"params\": {}}, {\"class\": \"MatmulRight\", \"shape\": [32, 14, 14], \"params\": {}}, {\"class\": \"MatmulRight\", \"shape\": [32, 14, 14], \"params\": {}}, {\"class\": \"MatmulRight\", \"shape\": [32, 14, 14], \"params\": {}}, {\"class\": \"MatmulRight\", \"shape\": [32, 14, 14], \"params\": {}}, {\"class\": \"MatmulRight\", \"shape\": [32, 14, 14], \"params\": {}}, {\"class\": \"MatmulRight\", \"shape\": [32, 14, 14], \"params\": {}}, {\"class\": \"MatmulRight\", \"shape\": [32, 14, 14], \"params\": {}}, {\"class\": \"MatmulRight\", \"shape\": [32, 14, 14], \"params\": {}}], \"connections\": [{\"class\": \"SequentialModule\", \"shape\": [1, 196, 196], \"params\": {\"modules\": [{\"class\": \"RelPosBias\", \"shape\": [1, 196, 196], \"params\": {}}, {\"class\": \"Softmax\", \"shape\": [1, 196, 196], \"params\": {}}]}}, {\"class\": \"SequentialModule\", \"shape\": [1, 196, 196], \"params\": {\"modules\": [{\"class\": \"RelPosBias\", \"shape\": [1, 196, 196], \"params\": {}}, {\"class\": \"Softmax\", \"shape\": [1, 196, 196], \"params\": {}}]}}, {\"class\": \"SequentialModule\", \"shape\": [1, 196, 196], \"params\": {\"modules\": [{\"class\": \"RelPosBias\", \"shape\": [1, 196, 196], \"params\": {}}, {\"class\": \"Softmax\", \"shape\": [1, 196, 196], \"params\": {}}]}}, {\"class\": \"SequentialModule\", \"shape\": [1, 196, 196], \"params\": {\"modules\": [{\"class\": \"RelPosBias\", \"shape\": [1, 196, 196], \"params\": {}}, {\"class\": \"Softmax\", \"shape\": [1, 196, 196], \"params\": {}}]}}, {\"class\": \"SequentialModule\", \"shape\": [1, 196, 196], \"params\": {\"modules\": [{\"class\": \"RelPosBias\", \"shape\": [1, 196, 196], \"params\": {}}, {\"class\": \"Softmax\", \"shape\": [1, 196, 196], \"params\": {}}]}}, {\"class\": \"SequentialModule\", \"shape\": [1, 196, 196], \"params\": {\"modules\": [{\"class\": \"RelPosBias\", \"shape\": [1, 196, 196], \"params\": {}}, {\"class\": \"Softmax\", \"shape\": [1, 196, 196], \"params\": {}}]}}, {\"class\": \"SequentialModule\", \"shape\": [1, 196, 196], \"params\": {\"modules\": [{\"class\": \"RelPosBias\", \"shape\": [1, 196, 196], \"params\": {}}, {\"class\": \"Softmax\", \"shape\": [1, 196, 196], \"params\": {}}]}}, {\"class\": \"SequentialModule\", \"shape\": [1, 196, 196], \"params\": {\"modules\": [{\"class\": \"RelPosBias\", \"shape\": [1, 196, 196], \"params\": {}}, {\"class\": \"Softmax\", \"shape\": [1, 196, 196], \"params\": {}}]}}, {\"class\": \"SequentialModule\", \"shape\": [1, 196, 196], \"params\": {\"modules\": [{\"class\": \"RelPosBias\", \"shape\": [1, 196, 196], \"params\": {}}, {\"class\": \"Softmax\", \"shape\": [1, 196, 196], \"params\": {}}]}}, {\"class\": \"SequentialModule\", \"shape\": [1, 196, 196], \"params\": {\"modules\": [{\"class\": \"RelPosBias\", \"shape\": [1, 196, 196], \"params\": {}}, {\"class\": \"Softmax\", \"shape\": [1, 196, 196], \"params\": {}}]}}, {\"class\": \"SequentialModule\", \"shape\": [1, 196, 196], \"params\": {\"modules\": [{\"class\": \"RelPosBias\", \"shape\": [1, 196, 196], \"params\": {}}, {\"class\": \"Softmax\", \"shape\": [1, 196, 196], \"params\": {}}]}}, {\"class\": \"SequentialModule\", \"shape\": [1, 196, 196], \"params\": {\"modules\": [{\"class\": \"RelPosBias\", \"shape\": [1, 196, 196], \"params\": {}}, {\"class\": \"Softmax\", \"shape\": [1, 196, 196], \"params\": {}}]}}], \"post_branches\": [{\"class\": \"SequentialModule\", \"shape\": [32, 14, 14], \"params\": {\"modules\": []}}, {\"class\": \"SequentialModule\", \"shape\": [32, 14, 14], \"params\": {\"modules\": []}}, {\"class\": \"SequentialModule\", \"shape\": [32, 14, 14], \"params\": {\"modules\": []}}, {\"class\": \"SequentialModule\", \"shape\": [32, 14, 14], \"params\": {\"modules\": []}}, {\"class\": \"SequentialModule\", \"shape\": [32, 14, 14], \"params\": {\"modules\": []}}, {\"class\": \"SequentialModule\", \"shape\": [32, 14, 14], \"params\": {\"modules\": []}}, {\"class\": \"SequentialModule\", \"shape\": [32, 14, 14], \"params\": {\"modules\": []}}, {\"class\": \"SequentialModule\", \"shape\": [32, 14, 14], \"params\": {\"modules\": []}}, {\"class\": \"SequentialModule\", \"shape\": [32, 14, 14], \"params\": {\"modules\": []}}, {\"class\": \"SequentialModule\", \"shape\": [32, 14, 14], \"params\": {\"modules\": []}}, {\"class\": \"SequentialModule\", \"shape\": [32, 14, 14], \"params\": {\"modules\": []}}, {\"class\": \"SequentialModule\", \"shape\": [32, 14, 14], \"params\": {\"modules\": []}}]}}, {\"class\": \"Conv1\", \"shape\": [384, 14, 14], \"params\": {}}]}}, \"subblock2\": {\"class\": \"SequentialModule\", \"shape\": [384, 14, 14], \"params\": {\"modules\": [{\"class\": \"ExpandAndReduce\", \"shape\": [384, 14, 14], \"params\": {\"sequential\": {\"class\": \"SequentialModule\", \"shape\": [1536, 14, 14], \"params\": {\"modules\": [{\"class\": \"LayerNorm\", \"shape\": [1536, 14, 14], \"params\": {}}, {\"class\": \"GELU\", \"shape\": [384, 14, 14], \"params\": {}}]}}, \"factor\": 4, \"scheme\": \"kaiming_normal\"}}]}}}, {\"subblock1\": {\"class\": \"SequentialModule\", \"shape\": [384, 14, 14], \"params\": {\"modules\": [{\"class\": \"ForkMergeAttention\", \"shape\": [384, 14, 14], \"params\": {\"branches\": [{\"class\": \"SequentialModule\", \"shape\": [32, 14, 14], \"params\": {\"modules\": []}}, {\"class\": \"SequentialModule\", \"shape\": [32, 14, 14], \"params\": {\"modules\": []}}, {\"class\": \"SequentialModule\", \"shape\": [32, 14, 14], \"params\": {\"modules\": []}}, {\"class\": \"SequentialModule\", \"shape\": [32, 14, 14], \"params\": {\"modules\": []}}, {\"class\": \"SequentialModule\", \"shape\": [32, 14, 14], \"params\": {\"modules\": []}}, {\"class\": \"SequentialModule\", \"shape\": [32, 14, 14], \"params\": {\"modules\": []}}, {\"class\": \"SequentialModule\", \"shape\": [32, 14, 14], \"params\": {\"modules\": []}}, {\"class\": \"SequentialModule\", \"shape\": [32, 14, 14], \"params\": {\"modules\": []}}, {\"class\": \"SequentialModule\", \"shape\": [32, 14, 14], \"params\": {\"modules\": []}}, {\"class\": \"SequentialModule\", \"shape\": [32, 14, 14], \"params\": {\"modules\": []}}, {\"class\": \"SequentialModule\", \"shape\": [32, 14, 14], \"params\": {\"modules\": []}}, {\"class\": \"SequentialModule\", \"shape\": [32, 14, 14], \"params\": {\"modules\": []}}, {\"class\": \"SequentialModule\", \"shape\": [32, 14, 14], \"params\": {\"modules\": []}}, {\"class\": \"SequentialModule\", \"shape\": [32, 14, 14], \"params\": {\"modules\": []}}, {\"class\": \"SequentialModule\", \"shape\": [32, 14, 14], \"params\": {\"modules\": []}}, {\"class\": \"SequentialModule\", \"shape\": [32, 14, 14], \"params\": {\"modules\": []}}, {\"class\": \"SequentialModule\", \"shape\": [32, 14, 14], \"params\": {\"modules\": []}}, {\"class\": \"SequentialModule\", \"shape\": [32, 14, 14], \"params\": {\"modules\": []}}, {\"class\": \"SequentialModule\", \"shape\": [32, 14, 14], \"params\": {\"modules\": []}}, {\"class\": \"SequentialModule\", \"shape\": [32, 14, 14], \"params\": {\"modules\": []}}, {\"class\": \"SequentialModule\", \"shape\": [32, 14, 14], \"params\": {\"modules\": []}}, {\"class\": \"SequentialModule\", \"shape\": [32, 14, 14], \"params\": {\"modules\": []}}, {\"class\": \"SequentialModule\", \"shape\": [32, 14, 14], \"params\": {\"modules\": []}}, {\"class\": \"SequentialModule\", \"shape\": [32, 14, 14], \"params\": {\"modules\": []}}, {\"class\": \"SequentialModule\", \"shape\": [32, 14, 14], \"params\": {\"modules\": []}}, {\"class\": \"SequentialModule\", \"shape\": [32, 14, 14], \"params\": {\"modules\": []}}, {\"class\": \"SequentialModule\", \"shape\": [32, 14, 14], \"params\": {\"modules\": []}}, {\"class\": \"SequentialModule\", \"shape\": [32, 14, 14], \"params\": {\"modules\": []}}, {\"class\": \"SequentialModule\", \"shape\": [32, 14, 14], \"params\": {\"modules\": []}}, {\"class\": \"SequentialModule\", \"shape\": [32, 14, 14], \"params\": {\"modules\": []}}, {\"class\": \"SequentialModule\", \"shape\": [32, 14, 14], \"params\": {\"modules\": []}}, {\"class\": \"SequentialModule\", \"shape\": [32, 14, 14], \"params\": {\"modules\": []}}, {\"class\": \"SequentialModule\", \"shape\": [32, 14, 14], \"params\": {\"modules\": []}}, {\"class\": \"SequentialModule\", \"shape\": [32, 14, 14], \"params\": {\"modules\": []}}, {\"class\": \"SequentialModule\", \"shape\": [32, 14, 14], \"params\": {\"modules\": []}}, {\"class\": \"SequentialModule\", \"shape\": [32, 14, 14], \"params\": {\"modules\": []}}], \"matmullefts\": [{\"class\": \"MatmulLeft\", \"shape\": [1, 196, 196], \"params\": {}}, {\"class\": \"MatmulLeft\", \"shape\": [1, 196, 196], \"params\": {}}, {\"class\": \"MatmulLeft\", \"shape\": [1, 196, 196], \"params\": {}}, {\"class\": \"MatmulLeft\", \"shape\": [1, 196, 196], \"params\": {}}, {\"class\": \"MatmulLeft\", \"shape\": [1, 196, 196], \"params\": {}}, {\"class\": \"MatmulLeft\", \"shape\": [1, 196, 196], \"params\": {}}, {\"class\": \"MatmulLeft\", \"shape\": [1, 196, 196], \"params\": {}}, {\"class\": \"MatmulLeft\", \"shape\": [1, 196, 196], \"params\": {}}, {\"class\": \"MatmulLeft\", \"shape\": [1, 196, 196], \"params\": {}}, {\"class\": \"MatmulLeft\", \"shape\": [1, 196, 196], \"params\": {}}, {\"class\": \"MatmulLeft\", \"shape\": [1, 196, 196], \"params\": {}}, {\"class\": \"MatmulLeft\", \"shape\": [1, 196, 196], \"params\": {}}], \"matmulrights\": [{\"class\": \"MatmulRight\", \"shape\": [32, 14, 14], \"params\": {}}, {\"class\": \"MatmulRight\", \"shape\": [32, 14, 14], \"params\": {}}, {\"class\": \"MatmulRight\", \"shape\": [32, 14, 14], \"params\": {}}, {\"class\": \"MatmulRight\", \"shape\": [32, 14, 14], \"params\": {}}, {\"class\": \"MatmulRight\", \"shape\": [32, 14, 14], \"params\": {}}, {\"class\": \"MatmulRight\", \"shape\": [32, 14, 14], \"params\": {}}, {\"class\": \"MatmulRight\", \"shape\": [32, 14, 14], \"params\": {}}, {\"class\": \"MatmulRight\", \"shape\": [32, 14, 14], \"params\": {}}, {\"class\": \"MatmulRight\", \"shape\": [32, 14, 14], \"params\": {}}, {\"class\": \"MatmulRight\", \"shape\": [32, 14, 14], \"params\": {}}, {\"class\": \"MatmulRight\", \"shape\": [32, 14, 14], \"params\": {}}, {\"class\": \"MatmulRight\", \"shape\": [32, 14, 14], \"params\": {}}], \"connections\": [{\"class\": \"SequentialModule\", \"shape\": [1, 196, 196], \"params\": {\"modules\": [{\"class\": \"RelPosBias\", \"shape\": [1, 196, 196], \"params\": {}}, {\"class\": \"Softmax\", \"shape\": [1, 196, 196], \"params\": {}}]}}, {\"class\": \"SequentialModule\", \"shape\": [1, 196, 196], \"params\": {\"modules\": [{\"class\": \"RelPosBias\", \"shape\": [1, 196, 196], \"params\": {}}, {\"class\": \"Softmax\", \"shape\": [1, 196, 196], \"params\": {}}]}}, {\"class\": \"SequentialModule\", \"shape\": [1, 196, 196], \"params\": {\"modules\": [{\"class\": \"RelPosBias\", \"shape\": [1, 196, 196], \"params\": {}}, {\"class\": \"Softmax\", \"shape\": [1, 196, 196], \"params\": {}}]}}, {\"class\": \"SequentialModule\", \"shape\": [1, 196, 196], \"params\": {\"modules\": [{\"class\": \"RelPosBias\", \"shape\": [1, 196, 196], \"params\": {}}, {\"class\": \"Softmax\", \"shape\": [1, 196, 196], \"params\": {}}]}}, {\"class\": \"SequentialModule\", \"shape\": [1, 196, 196], \"params\": {\"modules\": [{\"class\": \"RelPosBias\", \"shape\": [1, 196, 196], \"params\": {}}, {\"class\": \"Softmax\", \"shape\": [1, 196, 196], \"params\": {}}]}}, {\"class\": \"SequentialModule\", \"shape\": [1, 196, 196], \"params\": {\"modules\": [{\"class\": \"RelPosBias\", \"shape\": [1, 196, 196], \"params\": {}}, {\"class\": \"Softmax\", \"shape\": [1, 196, 196], \"params\": {}}]}}, {\"class\": \"SequentialModule\", \"shape\": [1, 196, 196], \"params\": {\"modules\": [{\"class\": \"RelPosBias\", \"shape\": [1, 196, 196], \"params\": {}}, {\"class\": \"Softmax\", \"shape\": [1, 196, 196], \"params\": {}}]}}, {\"class\": \"SequentialModule\", \"shape\": [1, 196, 196], \"params\": {\"modules\": [{\"class\": \"RelPosBias\", \"shape\": [1, 196, 196], \"params\": {}}, {\"class\": \"Softmax\", \"shape\": [1, 196, 196], \"params\": {}}]}}, {\"class\": \"SequentialModule\", \"shape\": [1, 196, 196], \"params\": {\"modules\": [{\"class\": \"RelPosBias\", \"shape\": [1, 196, 196], \"params\": {}}, {\"class\": \"Softmax\", \"shape\": [1, 196, 196], \"params\": {}}]}}, {\"class\": \"SequentialModule\", \"shape\": [1, 196, 196], \"params\": {\"modules\": [{\"class\": \"RelPosBias\", \"shape\": [1, 196, 196], \"params\": {}}, {\"class\": \"Softmax\", \"shape\": [1, 196, 196], \"params\": {}}]}}, {\"class\": \"SequentialModule\", \"shape\": [1, 196, 196], \"params\": {\"modules\": [{\"class\": \"RelPosBias\", \"shape\": [1, 196, 196], \"params\": {}}, {\"class\": \"Softmax\", \"shape\": [1, 196, 196], \"params\": {}}]}}, {\"class\": \"SequentialModule\", \"shape\": [1, 196, 196], \"params\": {\"modules\": [{\"class\": \"RelPosBias\", \"shape\": [1, 196, 196], \"params\": {}}, {\"class\": \"Softmax\", \"shape\": [1, 196, 196], \"params\": {}}]}}], \"post_branches\": [{\"class\": \"SequentialModule\", \"shape\": [32, 14, 14], \"params\": {\"modules\": []}}, {\"class\": \"SequentialModule\", \"shape\": [32, 14, 14], \"params\": {\"modules\": []}}, {\"class\": \"SequentialModule\", \"shape\": [32, 14, 14], \"params\": {\"modules\": []}}, {\"class\": \"SequentialModule\", \"shape\": [32, 14, 14], \"params\": {\"modules\": []}}, {\"class\": \"SequentialModule\", \"shape\": [32, 14, 14], \"params\": {\"modules\": []}}, {\"class\": \"SequentialModule\", \"shape\": [32, 14, 14], \"params\": {\"modules\": []}}, {\"class\": \"SequentialModule\", \"shape\": [32, 14, 14], \"params\": {\"modules\": []}}, {\"class\": \"SequentialModule\", \"shape\": [32, 14, 14], \"params\": {\"modules\": []}}, {\"class\": \"SequentialModule\", \"shape\": [32, 14, 14], \"params\": {\"modules\": []}}, {\"class\": \"SequentialModule\", \"shape\": [32, 14, 14], \"params\": {\"modules\": []}}, {\"class\": \"SequentialModule\", \"shape\": [32, 14, 14], \"params\": {\"modules\": []}}, {\"class\": \"SequentialModule\", \"shape\": [32, 14, 14], \"params\": {\"modules\": []}}]}}, {\"class\": \"Conv1\", \"shape\": [384, 14, 14], \"params\": {}}]}}, \"subblock2\": {\"class\": \"SequentialModule\", \"shape\": [384, 14, 14], \"params\": {\"modules\": [{\"class\": \"ExpandAndReduce\", \"shape\": [384, 14, 14], \"params\": {\"sequential\": {\"class\": \"SequentialModule\", \"shape\": [1536, 14, 14], \"params\": {\"modules\": [{\"class\": \"LayerNorm\", \"shape\": [1536, 14, 14], \"params\": {}}, {\"class\": \"GELU\", \"shape\": [384, 14, 14], \"params\": {}}]}}, \"factor\": 4, \"scheme\": \"kaiming_normal\"}}]}}}], [{\"subblock1\": {\"class\": \"SequentialModule\", \"shape\": [768, 7, 7], \"params\": {\"modules\": [{\"class\": \"ExpandAndReduce\", \"shape\": [768, 7, 7], \"params\": {\"sequential\": {\"class\": \"SequentialModule\", \"shape\": [3072, 7, 7], \"params\": {\"modules\": [{\"class\": \"BatchNorm\", \"shape\": [3072, 7, 7], \"params\": {}}, {\"class\": \"GELU\", \"shape\": [3072, 7, 7], \"params\": {}}, {\"class\": \"ConvDepth5\", \"shape\": [3072, 7, 7], \"params\": {}}, {\"class\": \"BatchNorm\", \"shape\": [3072, 7, 7], \"params\": {}}, {\"class\": \"GELU\", \"shape\": [3072, 7, 7], \"params\": {}}, {\"class\": \"ForkMerge\", \"shape\": [3072, 7, 7], \"params\": {\"branches_count\": 2, \"fork_merge_tuple\": [\"copy\", \"multiply\"], \"branches\": [{\"class\": \"SequentialModule\", \"shape\": [3072, 7, 7], \"params\": {\"modules\": []}}, {\"class\": \"SequentialModule\", \"shape\": [3072, 7, 7], \"params\": {\"modules\": [{\"class\": \"AvgAndUpsample\", \"shape\": [3072, 7, 7], \"params\": {\"sequential\": {\"class\": \"SequentialModule\", \"shape\": [3072, 1, 1], \"params\": {\"modules\": [{\"class\": \"ReduceAndExpand\", \"shape\": [3072, 1, 1], \"params\": {\"sequential\": {\"class\": \"SequentialModule\", \"shape\": [768, 1, 1], \"params\": {\"modules\": [{\"class\": \"GELU\", \"shape\": [3072, 1, 1], \"params\": {}}]}}, \"factor\": 4, \"scheme\": \"kaiming_normal\"}}]}}}}]}}]}}]}}, \"factor\": 4, \"scheme\": \"kaiming_normal\"}}, {\"class\": \"BatchNorm\", \"shape\": [768, 7, 7], \"params\": {}}]}}, \"subblock2\": {\"class\": \"SequentialModule\", \"shape\": [768, 7, 7], \"params\": {\"modules\": [{\"class\": \"Zero\", \"shape\": [768, 7, 7], \"params\": {}}]}}}, {\"subblock1\": {\"class\": \"SequentialModule\", \"shape\": [768, 7, 7], \"params\": {\"modules\": [{\"class\": \"Conv3\", \"shape\": [768, 7, 7], \"params\": {}}, {\"class\": \"BatchNorm\", \"shape\": [768, 7, 7], \"params\": {}}, {\"class\": \"GELU\", \"shape\": [768, 7, 7], \"params\": {}}, {\"class\": \"Conv3\", \"shape\": [768, 7, 7], \"params\": {}}, {\"class\": \"BatchNorm\", \"shape\": [768, 7, 7], \"params\": {}}, {\"class\": \"GELU\", \"shape\": [768, 7, 7], \"params\": {}}]}}, \"subblock2\": {\"class\": \"SequentialModule\", \"shape\": [768, 7, 7], \"params\": {\"modules\": [{\"class\": \"Zero\", \"shape\": [768, 7, 7], \"params\": {}}]}}}]]", "stem_width": [32, 64]}